{"cameraMode":{"drawMode":0,"name":"Shaded","section":"Shading Mode"},"sceneLighting":false,"audioPlay":false,"sceneViewState":{"showFog":true,"showMaterialUpdate":false,"showSkybox":true,"showFlares":true,"showImageEffects":true,"showParticleSystems":true},"in2DMode":false,"pivot":{"x":-0.3974510431289673,"y":0.796474277973175,"z":0.5361089706420898},"rotation":{"x":0.23301760852336884,"y":0.7106934785842896,"z":-0.2738601863384247,"w":0.6046886444091797},"size":0.6073950529098511,"orthographic":false}