{"cameraMode":{"drawMode":0,"name":"Shaded","section":"Shading Mode"},"sceneLighting":false,"audioPlay":false,"sceneViewState":{"showFog":true,"showMaterialUpdate":false,"showSkybox":true,"showFlares":true,"showImageEffects":true,"showParticleSystems":true},"in2DMode":false,"pivot":{"x":0.13878709077835084,"y":0.5871738195419312,"z":0.8073103427886963},"rotation":{"x":0.28317737579345705,"y":0.08646786212921143,"z":-0.025640349835157396,"w":0.954831600189209},"size":1.207395076751709,"orthographic":false}